Workbook

Sheet README
A1: Chinese Study Deck — Extracted Vocabulary Dataset
A2: Built from 192 screenshots in your Downloads/chinese folder
A5: What this is | B5: An app-ready Chinese vocabulary deck, OCR-extracted from your saved Facebook/YouTube/WhatsApp screenshots and deduplicated.
A7: Key numbers
A8: Screenshots processed | B8: =192 -> 192
A9: Images with Chinese content | B9: =192-COUNTA('Skipped Images'!A2:A100) -> 179
A10: Images skipped (no Chinese) | B10: =COUNTA('Skipped Images'!A2:A100) -> 13
A11: Raw items extracted | B11: =834 -> 834
A12: Unique items after dedupe | B12: =COUNTA(Vocabulary!B2:B5000) -> 630
A13: Distinct categories | B13: =COUNTA('By Category'!A3:A100)-1 -> 31
A15: Sheet guide
A16: Vocabulary | B16: Every unique word/phrase: Hanzi, Pinyin (tone marks), English, Category, Frequency (how many times it appeared across your screenshots — higher = seen more often), and the source screenshot file(s).
A17: By Category | B17: Live counts of items per category.
A18: Skipped Images | B18: The non-Chinese images that were correctly excluded (selfie, ads, tech diagrams).
A20: How it feeds the app | B20: The same data is provided as chinese_vocab_dataset.json (and .csv) to seed the app's flashcard/quiz database on first launch. 'Frequency' can drive review priority.

Sheet Vocabulary
A1: # | B1: Hanzi | C1: Pinyin | D1: English | E1: Category | F1: Freq | G1: Source screenshot(s)
A2: 1 | B2: 买 | C2: mǎi | D2: To buy | E2: HSK1 | F2: 3 | G2: Screenshot_20260531_224435_Facebook.jpg;Screenshot_20260610_135305_Facebook.jpg;Screenshot_20260610_160459_Facebook.jpg
A3: 2 | B3: 国 | C3: guó | D3: country | E3: HSK1 | F3: 3 | G3: Screenshot_20260604_144454_Facebook.jpg;Screenshot_20260610_073213_Facebook.jpg;Screenshot_20260612_131553_Facebook.jpg
A4: 3 | B4: 家 | C4: jiā | D4: home | E4: HSK1 | F4: 3 | G4: Screenshot_20260604_144454_Facebook.jpg;Screenshot_20260610_073213_Facebook.jpg;Screenshot_20260612_131553_Facebook.jpg
A5: 4 | B5: 来 | C5: lái | D5: come | E5: HSK1 | F5: 3 | G5: Screenshot_20260604_144454_Facebook.jpg;Screenshot_20260610_135305_Facebook.jpg;Screenshot_20260612_131553_Facebook.jpg
A6: 5 | B6: 菜 | C6: cài | D6: dish / vegetable | E6: HSK1 | F6: 3 | G6: Screenshot_20260608_220918_Facebook.jpg;Screenshot_20260608_221617_Facebook.jpg;Screenshot_20260612_131553_Facebook.jpg
A7: 6 | B7: 说 | C7: shuō | D7: talk / say | E7: HSK1 | F7: 3 | G7: Screenshot_20260604_144454_Facebook.jpg;Screenshot_20260610_135305_Facebook.jpg;Screenshot_20260612_131553_Facebook.jpg
A8: 7 | B8: 写 | C8: xiě | D8: To write | E8: HSK1 | F8: 2 | G8: Screenshot_20260604_144454_Facebook.jpg;Screenshot_20260610_135305_Facebook.jpg
A9: 8 | B9: 去 | C9: qù | D9: To go | E9: HSK1 | F9: 2 | G9: Screenshot_20260604_144454_Facebook.jpg;Screenshot_20260610_135305_Facebook.jpg
A10: 9 | B10: 看 | C10: kàn | D10: To look / To read | E10: HSK1 | F10: 2 | G10: Screenshot_20260604_144454_Facebook.jpg;Screenshot_20260610_135305_Facebook.jpg
A11: 10 | B11: 睡 | C11: shuì | D11: to sleep | E11: HSK1 | F11: 2 | G11: Screenshot_20260604_144454_Facebook.jpg;Screenshot_20260610_160459_Facebook.jpg
A12: 11 | B12: 票 | C12: piào | D12: ticket | E12: HSK1 | F12: 2 | G12: Screenshot_20260604_220416_Facebook.jpg;Screenshot_20260610_073213_Facebook.jpg
A13: 12 | B13: 老 | C13: lǎo | D13: Old / Prefix | E13: HSK1 | F13: 2 | G13: Screenshot_20260604_144454_Facebook.jpg;Screenshot_20260611_204859_Facebook.jpg
... A587: 586 | B587: 龙 | C587: lóng | D587: Dragon | E587: zodiac | F587: 1 | G587: Screenshot_20260612_141930_Facebook.jpg
A588: 587 | B588: 我认为她是好老师 | C588: wǒ rèn wéi tā shì hǎo lǎo shī | D588: I think she is a good teacher | F588: 2 | G588: Screenshot_20260610_234609_Facebook.jpg;Screenshot_20260610_234611_Facebook.jpg
A589: 588 | B589: 主任 | C589: zhǔ rèn | D589: doctor (department head) | F589: 1 | G589: Screenshot_20260610_150142_Facebook.jpg
A590: 589 | B590: 义 | C590: yì | D590: righteousness | F590: 1 | G590: Screenshot_20260611_013056_Facebook.jpg
A591: 590 | B591: 乌 | C591: wū | D591: crow | F591: 1 | G591: Screenshot_20260611_013044_Facebook.jpg
A592: 591 | B592: 书店 | C592: shū diàn | D592: bookshop | F592: 1 | G592: Screenshot_20260604_221653_Facebook.jpg
A593: 592 | B593: 二百五 | C593: èr bǎi wǔ | D593: 250 / stupid person | F593: 1 | G593: Screenshot_20260610_150142_Facebook.jpg
A594: 593 | B594: 便宜 | C594: pián yí | D594: cheap | F594: 1 | G594: Screenshot_20260604_220732_Facebook.jpg
A595: 594 | B595: 先到先得 | C595: xiān dào xiān dé | D595: first come first served | F595: 1 | G595: Screenshot_20260604_223832_Facebook.jpg
A596: 595 | B596: 别吵了 | C596: bié chǎo le | D596: keep quiet | F596: 1 | G596: Screenshot_20260611_014144_Facebook.jpg
A597: 596 | B597: 医院 | C597: yī yuàn | D597: hospital | F597: 1 | G597: Screenshot_20260604_221653_Facebook.jpg
A598: 597 | B598: 只能 | C598: zhǐ néng | D598: can only | F598: 1 | G598: Screenshot_20260604_220416_Facebook.jpg
A599: 598 | B599: 只要 | C599: zhīyào | D599: as long as | F599: 1 | G599: Screenshot_20260611_014835_Facebook.jpg
... A631: 630 | B631: 香 | C631: xiāng | D631: fragrant | F631: 1 | G631: Screenshot_20260604_220835_Facebook.jpg

Sheet By Category
A1: Items by category
A2: Category | B2: Count
A3: HSK1 | B3: =COUNTIF(Vocabulary!$E$2:$E$631,A3) -> 77
A4: adverbs | B4: =COUNTIF(Vocabulary!$E$2:$E$631,A4) -> 18
A5: apps | B5: =COUNTIF(Vocabulary!$E$2:$E$631,A5) -> 2
A6: banking | B6: =COUNTIF(Vocabulary!$E$2:$E$631,A6) -> 7
A7: body | B7: =COUNTIF(Vocabulary!$E$2:$E$631,A7) -> 7
A8: characters | B8: =COUNTIF(Vocabulary!$E$2:$E$631,A8) -> 91
A9: conjunctions | B9: =COUNTIF(Vocabulary!$E$2:$E$631,A9) -> 6
A10: directions | B10: =COUNTIF(Vocabulary!$E$2:$E$631,A10) -> 10
A11: education | B11: =COUNTIF(Vocabulary!$E$2:$E$631,A11) -> 1
A12: electronics | B12: =COUNTIF(Vocabulary!$E$2:$E$631,A12) -> 8
A13: emotions | B13: =COUNTIF(Vocabulary!$E$2:$E$631,A13) -> 7
A14: family | B14: =COUNTIF(Vocabulary!$E$2:$E$631,A14) -> 2
... A32: zodiac | B32: =COUNTIF(Vocabulary!$E$2:$E$631,A32) -> 7
A33: (uncategorized) | B33: =COUNTIF(Vocabulary!$E$2:$E$631,"") -> 44
A34: TOTAL | B34: =SUM(B3:B33) -> 630

Sheet Skipped Images
A1: Source file | B1: Reason skipped (not Chinese-learning content)
A2: IMG-20260611-WA0002.jpg | B2: Tech masterclass advertisement (Techademy/Brian Jagger AI Builders promo), no Chinese content
A3: IMG-20260611-WA0006.jpg | B3: Personal selfie/mirror photo in hospital gown, no Chinese content
A4: Screenshot_20260531_231036_YouTube.jpg | B4: technical diagram — RAG (Retrieval Augmented Generation) architecture, no Chinese learning content
A5: Screenshot_20260531_231116_YouTube.jpg | B5: GitHub repository page (Docling project), no Chinese learning content
A6: Screenshot_20260604_220804_Facebook.jpg | B6: No Chinese teaching content visible — same instructor shown without text overlay
A7: Screenshot_20260604_223004_Facebook.jpg | B7: No Chinese teaching content — AI product demo (HappyHorse-1.0 by Alibaba), English only
A8: Screenshot_20260604_223033_Facebook.jpg | B8: No Chinese teaching content — AI hiring/resume analysis tool screenshot, English only
A9: Screenshot_20260604_223815_Facebook.jpg | B9: No Chinese text visible — thumbnail image only showing title 'How to Curse first come first served in Chinese' with no characters shown
A10: Screenshot_20260604_225851_Facebook.jpg | B10: No Chinese teaching content — tech/AI tool (HyperFrames) demo video, English only
A11: Screenshot_20260604_230524_Facebook.jpg | B11: No Chinese teaching content — AI prompting/Claude Desktop demo video, English only
A12: Screenshot_20260606_164149_Facebook.jpg | B12: video frame mid-transition — content panel blank, no readable Chinese text
... A14: Screenshot_20260611_014109_Facebook.jpg | B14: Tech/dev content (Claude Code CLI plugin install demo), no Chinese learning content
